"Track URI","Track Name","Artist URI(s)","Artist Name(s)","Album URI","Album Name","Album Artist URI(s)","Album Artist Name(s)","Album Release Date","Album Image URL","Disc Number","Track Number","Track Duration (ms)","Track Preview URL","Explicit","Popularity","ISRC","Added By","Added At"
"spotify:track:7lvDsmTRXFE3dK4OjvRiWB","Pasoori","spotify:artist:3bWIy9AUrQdiNeS62Bp3OP, spotify:artist:3NegWDGp038A3FIi3gSYzl","Shae Gill, Ali Sethi","spotify:album:7wgrW5XyZdtk0K8PkW5A7h","Pasoori","spotify:artist:3bWIy9AUrQdiNeS62Bp3OP, spotify:artist:3NegWDGp038A3FIi3gSYzl","Shae Gill, Ali Sethi","2022-02-07","https://i.scdn.co/image/ab67616d0000b2733f3d35703bdcd917dad51c4f","1","1","224146","https://p.scdn.co/mp3-preview/88c67d6fadc0971cd8884b3f28d508723de9fa54?cid=9950ac751e34487dbbe027c4fd7f8e99","false","77","FR10S2289473","spotify:user:","1970-01-01T00:00:00Z"
"spotify:track:2MvLw9BE5ndkvZLXJcb1oC","Last Theater","spotify:artist:4FDoIX0wLRiVnx5F5wXWl4","NoisyCell","spotify:album:4QNzoCBWkG62Im2z7vbxBo","Sources","spotify:artist:4FDoIX0wLRiVnx5F5wXWl4","NoisyCell","2015-07-01","https://i.scdn.co/image/ab67616d0000b273bea7756936e5ff83aab7c44b","1","6","367773","https://p.scdn.co/mp3-preview/087e1cb64de8c75911640d15f5fae76b1c7f3b61?cid=9950ac751e34487dbbe027c4fd7f8e99","false","39","JPVP01501901","spotify:user:","1970-01-01T00:00:00Z"
"spotify:track:7hXFx8ue6LnP6sB8Zf7ik9","Sleep Forever","spotify:artist:7eLmjBYVvApof3usPlIIem, spotify:artist:1f8UNsnIHYgguJ6n7FDS9K, spotify:artist:3lwJ6CKvOHHhOuQDp4mwT2","Kris Sobanski, It Lives\, It Breathes, Kaiser Sensei","spotify:album:04qsLx0kaYy6a3L6agEVUg","Sleep Forever","spotify:artist:7eLmjBYVvApof3usPlIIem, spotify:artist:3lwJ6CKvOHHhOuQDp4mwT2, spotify:artist:1f8UNsnIHYgguJ6n7FDS9K","Kris Sobanski, Kaiser Sensei, It Lives\, It Breathes","2020-02-21","https://i.scdn.co/image/ab67616d0000b27368993d860d4639df3a0a0bd5","1","1","208900","https://p.scdn.co/mp3-preview/acba477d85f4a4c5cb9d3612a5dc78300096e927?cid=9950ac751e34487dbbe027c4fd7f8e99","false","34","uscgh2071196","spotify:user:","1970-01-01T00:00:00Z"
"spotify:track:6zoNHckACUOGj2bERXgmnw","MONSTER","spotify:artist:7rpKUJ0AnklJ8q9nIPVSpZ","Reol","spotify:album:1dFNEpa096XsgJ2r6pPdyJ","極彩色","spotify:artist:7rpKUJ0AnklJ8q9nIPVSpZ","Reol","2015-07-29","https://i.scdn.co/image/ab67616d0000b2734e284a106820b99e32349bbd","1","15","201933","https://p.scdn.co/mp3-preview/bec0446be0a86a8b6eaf46ab18349dcac9dfa12c?cid=9950ac751e34487dbbe027c4fd7f8e99","false","52","JPVI01522810","spotify:user:","1970-01-01T00:00:00Z"
"spotify:track:3dHV3qCSzTdVHCgKxpsPiE","Tujhe Sochta Hoon - Lofi Flip","spotify:artist:5dvCHAlgZZBuYuRdSm3dQE, spotify:artist:4fEkbug6kZzzJ8eYX6Kbbp, spotify:artist:1wRPtKGflJrBx9BmLsSwlU","Deepanshu Ruhela, KK, Pritam","spotify:album:5G2DfiPEAuBnWWLcGc1QyC","Tujhe Sochta Hoon (Lofi Flip)","spotify:artist:5dvCHAlgZZBuYuRdSm3dQE, spotify:artist:4fEkbug6kZzzJ8eYX6Kbbp, spotify:artist:1wRPtKGflJrBx9BmLsSwlU","Deepanshu Ruhela, KK, Pritam","2021-08-27","https://i.scdn.co/image/ab67616d0000b27349bc42bef250b0911023813d","1","1","188087","https://p.scdn.co/mp3-preview/eaad0231862e3085a22acebb84c3835960ad3d9d?cid=9950ac751e34487dbbe027c4fd7f8e99","false","42","INS172102690","spotify:user:","1970-01-01T00:00:00Z"
"spotify:track:6KRc596UDGsJfrgEFvLGro","Blossom","spotify:artist:2PyT6zhFlnRTEIKZUHh5NO","Ben Walter","spotify:album:54rb64GRPKZnZdiJKG8Y0X","Blossom","spotify:artist:2PyT6zhFlnRTEIKZUHh5NO","Ben Walter","2021-04-05","https://i.scdn.co/image/ab67616d0000b2738cf7b49b7698dc687ba105cc","1","1","246461","https://p.scdn.co/mp3-preview/51ad96e772ef34ef40f20bf05d9ae066ae78c162?cid=9950ac751e34487dbbe027c4fd7f8e99","false","30","QZDA72131868","spotify:user:","1970-01-01T00:00:00Z"
"spotify:track:6QHubuKkt3aBkVqk5PvwEp","Eye For An Eye","spotify:artist:1YznSk5tLLp9BnzuNgghrZ","8 Graves","spotify:album:2i772WUBXMAMzp9IfpvRiQ","Red","spotify:artist:1YznSk5tLLp9BnzuNgghrZ","8 Graves","2020-09-18","https://i.scdn.co/image/ab67616d0000b273db3b09e590281df2219e36ab","1","3","205602","https://p.scdn.co/mp3-preview/67573d2e33bfb8ab75a705d871562f8bf6774e29?cid=9950ac751e34487dbbe027c4fd7f8e99","false","33","GBKPL2007746","spotify:user:","1970-01-01T00:00:00Z"
"spotify:track:3ognTnYewF0sPmFAjpL1Bk","One by One","spotify:artist:6Y4SgUdlzTgSbmKba01ncJ","The New Shining","spotify:album:1IZArbyvUEHzdNqwSlS5bT","Elephant","spotify:artist:6Y4SgUdlzTgSbmKba01ncJ","The New Shining","2019-10-25","https://i.scdn.co/image/ab67616d0000b273bf29689feea388b2d2f5100e","1","6","186183","https://p.scdn.co/mp3-preview/4d1cb57f11d4459d2a35a0023c1e80bd899bb280?cid=9950ac751e34487dbbe027c4fd7f8e99","false","29","NLKA11900006","spotify:user:","1970-01-01T00:00:00Z"
"spotify:track:2SvBbz1p3GTXnxvPQ5lzk5","To Death","spotify:artist:2zLxo07EbSedKk5YsnyacC","Koethe","spotify:album:24d6Ku8KuRnsDtOL3vnB3g","ABERRATE","spotify:artist:2zLxo07EbSedKk5YsnyacC","Koethe","2021-09-06","https://i.scdn.co/image/ab67616d0000b273a273353287335b21215a8e21","1","4","288893","https://p.scdn.co/mp3-preview/0a84a52d886f4cd819e4b065cd1896bed6df0772?cid=9950ac751e34487dbbe027c4fd7f8e99","true","27","QZK6J2154137","spotify:user:","1970-01-01T00:00:00Z"
"spotify:track:6Wt5vcdm0A0kmE2cAQR5Xs","Aeon Rains","spotify:artist:5M8gMWMvoNjV1YzX2o9cPT","REMINA","spotify:album:2fk8Zd5sEmWQUThMLh6ZsV","Aeon Rains","spotify:artist:5M8gMWMvoNjV1YzX2o9cPT","REMINA","2021-07-24","https://i.scdn.co/image/ab67616d0000b2730bca2b2e0c15b3880f9e68a2","1","1","384000","https://p.scdn.co/mp3-preview/7005b6d492ef6f2407c92c8a4429e0deda9fb3d9?cid=9950ac751e34487dbbe027c4fd7f8e99","false","28","QZK6K2121389","spotify:user:","1970-01-01T00:00:00Z"
"spotify:track:3USxtqRwSYz57Ewm6wWRMp","Heat Waves","spotify:artist:4yvcSjfu4PC0CYQyLy4wSq","Glass Animals","spotify:album:5bfpRtBW7RNRdsm3tRyl3R","Dreamland","spotify:artist:4yvcSjfu4PC0CYQyLy4wSq","Glass Animals","2020-08-07","https://i.scdn.co/image/ab67616d0000b273712701c5e263efc8726b1464","1","14","238805","","false","78","GBUM72000433","spotify:user:","1970-01-01T00:00:00Z"
"spotify:track:2vhOZkOAOijDNPG60qZvEA","Circles - Minor Key Version","spotify:artist:5l6RNqtZu9abHKcHrt5wRK","Chase Holfelder","spotify:album:2SRHv7z27GAZRwF61g7kvU","Circles (Minor Key Version)","spotify:artist:5l6RNqtZu9abHKcHrt5wRK","Chase Holfelder","2020-07-06","https://i.scdn.co/image/ab67616d0000b273f3f659cdc014d0993469403b","1","1","217307","https://p.scdn.co/mp3-preview/033f8ae6de862a77d9d8702306fdf315312a6f5f?cid=9950ac751e34487dbbe027c4fd7f8e99","false","26","QZHN92046051","spotify:user:","1970-01-01T00:00:00Z"
"spotify:track:7gb5Gvd82tb1HTFQ0l2LLU","Balenciaga","spotify:artist:17rcbJUtkjFBgMoczYSPK5","Paulz","spotify:album:5nVg0c0yBoq3BD52YMygvt","Balenciaga","spotify:artist:17rcbJUtkjFBgMoczYSPK5","Paulz","2021-02-04","https://i.scdn.co/image/ab67616d0000b27301b83412c05f69ae3a94af44","1","1","180568","https://p.scdn.co/mp3-preview/e2a2ac55019ecbdf9ee0fc45e0803d49738cae73?cid=9950ac751e34487dbbe027c4fd7f8e99","false","51","SE5BU2171288","spotify:user:","1970-01-01T00:00:00Z"
"spotify:track:2xowY1oTO1dY9LSriw6Og9","Masochist","spotify:artist:6pw4nmjxQHpyKWUBQi4SSz, spotify:artist:2uEo8Rajpdz1AqineCVLHq","Matt Van, Mr FijiWiji","spotify:album:5DV8dxvnwyQFLQwGVeLO2k","Lungs","spotify:artist:6pw4nmjxQHpyKWUBQi4SSz","Matt Van","2018-09-13","https://i.scdn.co/image/ab67616d0000b273dc7c10844784eb04bc749c59","1","3","227250","https://p.scdn.co/mp3-preview/397abaeab37eb2a2e22202efffe26d4a2bcf4463?cid=9950ac751e34487dbbe027c4fd7f8e99","false","35","QZDA81834983","spotify:user:","1970-01-01T00:00:00Z"
"spotify:track:0NrD9pJj3H4qvnXztzuHdv","Goons","spotify:artist:7x0khzvst0enqidVl7ieKK","Kipher","spotify:album:26Feu9rV3w4u4jePMvrYb4","Goons","spotify:artist:7x0khzvst0enqidVl7ieKK","Kipher","2019-11-22","https://i.scdn.co/image/ab67616d0000b2738c405c613bd2e0b689c4f9e2","1","1","178977","https://p.scdn.co/mp3-preview/b18db179a51c04ec0add059f7ba9447eabd596c9?cid=9950ac751e34487dbbe027c4fd7f8e99","false","35","QZHN81984053","spotify:user:","1970-01-01T00:00:00Z"
"spotify:track:5Omzh7pZ8G2bq9RaFTdiYS","The Doom Codex","spotify:artist:2npYCO6zDuGiThptOAPcSF","Robert Slump","spotify:album:1AcIIuwtWO4rUIz679rzHo","The Doom Codex","spotify:artist:2npYCO6zDuGiThptOAPcSF","Robert Slump","2022-02-10","https://i.scdn.co/image/ab67616d0000b2734f40faf05e04deb06743c64c","1","1","184458","https://p.scdn.co/mp3-preview/36d05489560f23fb96ff095cffaf00ef5b05a875?cid=9950ac751e34487dbbe027c4fd7f8e99","false","29","GX53U2079815","spotify:user:","1970-01-01T00:00:00Z"
"spotify:track:2lzP5CLvqGvpz1zNJukSgD","Aisi Gehraiyaan Aisi Tanhaiyaan","spotify:artist:0XL6ie7a0NY5FM05b9Rn5L","Farhan Akhtar","spotify:album:6Baavsh6HfNka1IyvPrr24","Zindagi Na Milegi Dobara","spotify:artist:0L5GV6LN8SWWUWIdBbTLTZ","Shankar-Ehsaan-Loy","2011-06-06","https://i.scdn.co/image/ab67616d0000b2730acb5a72549287bf33b51b71","1","2","88978","https://p.scdn.co/mp3-preview/b7fc4541aee08970bd52259f1417d8c139ab03e5?cid=9950ac751e34487dbbe027c4fd7f8e99","false","53","INS181102655","spotify:user:","1970-01-01T00:00:00Z"
"spotify:track:4mRSbPLnOm54ttkTYvxxSY","Decks Dark","spotify:artist:4Z8W4fKeB5YxbusRsdQVPb","Radiohead","spotify:album:2ix8vWvvSp2Yo7rKMiWpkg","A Moon Shaped Pool","spotify:artist:4Z8W4fKeB5YxbusRsdQVPb","Radiohead","2016-05-08","https://i.scdn.co/image/ab67616d0000b27345643f5cf119cbc9d2811c22","1","3","281011","https://p.scdn.co/mp3-preview/33943000132b808c85da7bb6f5296e31a8832c0b?cid=9950ac751e34487dbbe027c4fd7f8e99","false","55","GBBKS1600073","spotify:user:","1970-01-01T00:00:00Z"
"spotify:track:5O932cZmzOZGOGZz9RHx20","Khairiyat","spotify:artist:1wRPtKGflJrBx9BmLsSwlU, spotify:artist:4YRxDV8wJFPHPTeXepOstw","Pritam, Arijit Singh","spotify:album:2Svje8vKEM4VCKxoRyAvA4","Chhichhore","spotify:artist:1wRPtKGflJrBx9BmLsSwlU","Pritam","2019-08-31","https://i.scdn.co/image/ab67616d0000b273eaa6b4bfb5954ee5a5a8ce9e","1","2","280281","https://p.scdn.co/mp3-preview/c7ad550a86eba70607b6e6c491a7360a33deb5c4?cid=9950ac751e34487dbbe027c4fd7f8e99","false","73","INS181904666","spotify:user:","1970-01-01T00:00:00Z"
"spotify:track:0HwD4fJnADOP8xUIfecxKZ","The End of Silence","spotify:artist:23F4eNRGvmS6jJNUo9TmEN, spotify:artist:13FTHoOzbdwyu2iuVxdO6Y","Alan Lennon, Epic Music World","spotify:album:7a4jqycBaEJiadqw581LVQ","The End of Silence","spotify:artist:23F4eNRGvmS6jJNUo9TmEN, spotify:artist:13FTHoOzbdwyu2iuVxdO6Y","Alan Lennon, Epic Music World","2021-05-16","https://i.scdn.co/image/ab67616d0000b2730e6008235928446d95e0bee7","1","1","302080","https://p.scdn.co/mp3-preview/41361f0e23de6c388cee299708ed4b602814b63d?cid=9950ac751e34487dbbe027c4fd7f8e99","false","25","QZGWX2174992","spotify:user:","1970-01-01T00:00:00Z"
"spotify:track:0WKFKKmVV42TUwROgvHzFa","Unrequited","spotify:artist:5u7XHknHLC0V9liKGr2I9d","Sennzai","spotify:album:6Z6myzGTXVvIG7nk9djfRI","Arrêter le temps","spotify:artist:5u7XHknHLC0V9liKGr2I9d","Sennzai","2016-10-30","https://i.scdn.co/image/ab67616d0000b2731a69c49bf7933be6c1585fa2","1","4","265384","https://p.scdn.co/mp3-preview/010caafe686ed3d4b8607265b5bfd205765e2f74?cid=9950ac751e34487dbbe027c4fd7f8e99","false","27","TCJPG1870192","spotify:user:","1970-01-01T00:00:00Z"
"spotify:track:3iVvQHWCLGjfY3iFEwV9lO","Next to you - from Parasyte","spotify:artist:5zGGIlGJXnwLcbniSyoc7w, spotify:artist:2DvKwWmzK5CPUBSRCWtZCy","Ken Arai, NSZX","spotify:album:3GWLbX2NoKUi2wv6IKJ5z3","Next to you (from Parasyte)","spotify:artist:5zGGIlGJXnwLcbniSyoc7w, spotify:artist:2DvKwWmzK5CPUBSRCWtZCy","Ken Arai, NSZX","2020-08-05","https://i.scdn.co/image/ab67616d0000b273d34a73c85d6c8d7a50446403","1","1","213230","https://p.scdn.co/mp3-preview/300fe25dae437064b173698f61689a0094de4dff?cid=9950ac751e34487dbbe027c4fd7f8e99","false","52","GBLLT1900254","spotify:user:","1970-01-01T00:00:00Z"
"spotify:track:3NEuSQZbVmfQwRuDKol40Y","SPARK-AGAIN","spotify:artist:0bAsR2unSRpn6BQPEnNlZm","Aimer","spotify:album:3OBjI5LyxiWJZSEuBskBbG","SPARK-AGAIN","spotify:artist:0bAsR2unSRpn6BQPEnNlZm","Aimer","2020-09-09","https://i.scdn.co/image/ab67616d0000b27332a6df61fa5c878c6e2aa87b","1","1","244160","https://p.scdn.co/mp3-preview/4b0a8579f95fcd1da759edafa1d6b1db87f122ed?cid=9950ac751e34487dbbe027c4fd7f8e99","false","54","JPU902001603","spotify:user:","1970-01-01T00:00:00Z"
"spotify:track:3ARisFMP9INfJXaRgYlJSJ","Phoenix (Acoustic)","spotify:artist:66UYe21to5428Q4DovXER4, spotify:artist:2OgKPh1xCLvA9C8CXfFABo","TJ Brown, Lunity","spotify:album:2BKlffI3VJGyvbF3Ku4GOM","Phoenix (Acoustic)","spotify:artist:66UYe21to5428Q4DovXER4, spotify:artist:2OgKPh1xCLvA9C8CXfFABo","TJ Brown, Lunity","2019-10-25","https://i.scdn.co/image/ab67616d0000b2739e653341bc74273f0273a0f9","1","1","206249","https://p.scdn.co/mp3-preview/79d5938d25ed4214eee4dfa2092f976ed5bcba5f?cid=9950ac751e34487dbbe027c4fd7f8e99","false","32","TCAEM1947017","spotify:user:","1970-01-01T00:00:00Z"
"spotify:track:3vNFsxBbA4dPkymPF5Jm1b","This Mess We're In","spotify:artist:12VaqyEhgwDRuFfEqbnrpz, spotify:artist:4CvTDPKA6W06DRfBnZKrau","PJ Harvey, Thom Yorke","spotify:album:0hBWhJEmVyNPG2Jq71CJXz","Stories From The City, Stories From The Sea","spotify:artist:12VaqyEhgwDRuFfEqbnrpz","PJ Harvey","2000-01-01","https://i.scdn.co/image/ab67616d0000b27309e4ac9a68d9ea5ef0ad9b05","1","7","235840","","false","57","GBAAN0000172","spotify:user:","1970-01-01T00:00:00Z"
"spotify:track:4bJygwUKrRgq1stlNXcgMg","All The Things She Said","spotify:artist:2Q3eZMfDQgT8MhPowKFXYO","t.A.T.u.","spotify:album:4vyPN44zoiJXE6hruCCrGB","200 KM/H In The Wrong Lane (10th Anniversary Edition)","spotify:artist:2Q3eZMfDQgT8MhPowKFXYO","t.A.T.u.","2002","https://i.scdn.co/image/ab67616d0000b2733b27e1cd8a6bc6804c2e5fd2","1","3","214440","","true","75","RUA110100098","spotify:user:","1970-01-01T00:00:00Z"
"spotify:track:5EJJ0yWLCSmQAkJlreLimt","Courage","spotify:artist:2BwIecyazQicxz5RzVUvLU, spotify:artist:6Wn6kyMvfESmIaVy3Sjjvf","Nostraightanswer, CircusP","spotify:album:3nZ6CQ3TFaUhFUGngoWZsi","SYNTECH-","spotify:artist:2BwIecyazQicxz5RzVUvLU","Nostraightanswer","2019-08-23","https://i.scdn.co/image/ab67616d0000b2731dcb7938e4f4110d6949645c","1","11","262714","https://p.scdn.co/mp3-preview/a06ede1a5ea0d7ecfb78e06237eeaf872c7cf1d2?cid=9950ac751e34487dbbe027c4fd7f8e99","false","32","QZFZ41919314","spotify:user:","1970-01-01T00:00:00Z"
"spotify:track:2V6nQ7ZzUcJyC7zQcQwuhH","Face My Fears","spotify:artist:3MwmjpfJvIoCarmc1eehbu","Shadow Cliq","spotify:album:1FDVl3vH4lsTLRdt0qqht4","Face My Fears","spotify:artist:3MwmjpfJvIoCarmc1eehbu","Shadow Cliq","2019-02-15","https://i.scdn.co/image/ab67616d0000b273ce9f8ee37b0fb840795b2306","1","1","281142","https://p.scdn.co/mp3-preview/1b2d5933fb81ba42fe389062da08047fb150a4a8?cid=9950ac751e34487dbbe027c4fd7f8e99","false","31","TCAEC1907343","spotify:user:","1970-01-01T00:00:00Z"
"spotify:track:240XAisNEKriCHKjmqUhOT","Theater of the Dead","spotify:artist:520HRtk3c4y8WTKKywE4PY","Tulip","spotify:album:0HnIGhinaZsYcKjYovQxIL","High Strangeness","spotify:artist:520HRtk3c4y8WTKKywE4PY","Tulip","2020-04-04","https://i.scdn.co/image/ab67616d0000b273d2da9df6e116ec5fa3e5c463","1","6","265223","https://p.scdn.co/mp3-preview/2ce3953cb5c382ac6f98a0c375ab04cdc8e83bb8?cid=9950ac751e34487dbbe027c4fd7f8e99","false","33","uscgj2019296","spotify:user:","1970-01-01T00:00:00Z"
"spotify:track:0Km42KUGl3oty8J20JAhL1","Believe","spotify:artist:2Sjkl4uVhIhOyVwX2goyOW, spotify:artist:0pXY1OjnkCrE5vlfV5tii0, spotify:artist:2zju7KqgOn3JOOEXD0coq6, spotify:artist:6gwexMlbo78wmlBF8U2V6r","Tales of the Forgotten, Bill Hemstapat, Dylan C. Jones, Jane Decker","spotify:album:1TQ8TkMya11rYCpbrNvQTj","The Beginning","spotify:artist:2Sjkl4uVhIhOyVwX2goyOW, spotify:artist:0pXY1OjnkCrE5vlfV5tii0, spotify:artist:2zju7KqgOn3JOOEXD0coq6","Tales of the Forgotten, Bill Hemstapat, Dylan C. Jones","2019-08-14","https://i.scdn.co/image/ab67616d0000b27369cd2cfd257fea255e58b02c","1","6","287415","https://p.scdn.co/mp3-preview/4427272a72210d223152027f1a0c2268d0df0072?cid=9950ac751e34487dbbe027c4fd7f8e99","false","33","UST8K1665642","spotify:user:","1970-01-01T00:00:00Z"
"spotify:track:74WgPmxkNoI9CdEHtX2XC7","Find Me","spotify:artist:3xNCp8cktZ1IGwRregR2yO","Aviators","spotify:album:7K6D79t5RR2I21W9gr4MLS","Aeterno: Rewind","spotify:artist:3xNCp8cktZ1IGwRregR2yO","Aviators","2019-08-30","https://i.scdn.co/image/ab67616d0000b27366f0bf20dd62fd8217a25978","1","2","319090","https://p.scdn.co/mp3-preview/638efa27d2756c22e56e387e8b7f1914b04577ff?cid=9950ac751e34487dbbe027c4fd7f8e99","false","30","TCAEK1934841","spotify:user:","1970-01-01T00:00:00Z"
"spotify:track:0WaaPFt4Qy8sVfxKz43bCD","Re:Re:","spotify:artist:0MK8l3nURwwQIjafvXoJJt","ASIAN KUNG-FU GENERATION","spotify:album:56xQzwz8VKC3LOtvrI4g04","ソルファ","spotify:artist:0MK8l3nURwwQIjafvXoJJt","ASIAN KUNG-FU GENERATION","2004","https://i.scdn.co/image/ab67616d0000b27342b08c3ee667cbba84372739","1","8","228760","https://p.scdn.co/mp3-preview/26fe7fc5d95c3c015ef3ab02a9eea56356150d76?cid=9950ac751e34487dbbe027c4fd7f8e99","false","57","JPKS00401165","spotify:user:","1970-01-01T00:00:00Z"
"spotify:track:2z4G9oY3zF70wDiiLZvh3B","SOS","spotify:artist:3jL6qMsbG7tnDxHDDMhVBH, spotify:artist:7kqvDLzrO1hQXorAUEnE8j","KureiYuki's, 斎藤 アリーナ","spotify:album:5qyuT2JVaPT6HKSN0ysGbx","SOS","spotify:artist:3jL6qMsbG7tnDxHDDMhVBH, spotify:artist:7kqvDLzrO1hQXorAUEnE8j","KureiYuki's, 斎藤 アリーナ","2020-08-29","https://i.scdn.co/image/ab67616d0000b2733c7da2021152c4c7ea6e7c68","1","1","200000","https://p.scdn.co/mp3-preview/bf473f59550bc330e568f5847478e5e18f79ad8d?cid=9950ac751e34487dbbe027c4fd7f8e99","false","21","JPB602078083","spotify:user:","1970-01-01T00:00:00Z"
"spotify:track:5YXXthKfGj3nY7oFihFGPY","Dreamer","spotify:artist:1EHmi4WPosxVGxBKaw32Ku","Brave the Royals","spotify:album:42FSW8FbAwfA2zJuSSwqnc","Abstraction","spotify:artist:1EHmi4WPosxVGxBKaw32Ku","Brave the Royals","2019-11-08","https://i.scdn.co/image/ab67616d0000b273f61170ecbbe7d2bb817143ff","1","2","217470","https://p.scdn.co/mp3-preview/dc3d39f8d49f91237433c611af261fcd79522e78?cid=9950ac751e34487dbbe027c4fd7f8e99","false","41","TCADZ1849972","spotify:user:","1970-01-01T00:00:00Z"
"spotify:track:6w8pFOKn42O418qwcQElZ3","Waves","spotify:artist:3QSQFmccmX81fWCUSPTS7y","Dean Lewis","spotify:album:61G7KL6rpj167r6H4CzS8C","A Place We Knew","spotify:artist:3QSQFmccmX81fWCUSPTS7y","Dean Lewis","2019-03-22","https://i.scdn.co/image/ab67616d0000b273a787f718fb485b66d6219247","1","5","240013","","false","73","AUUM71600906","spotify:user:","1970-01-01T00:00:00Z"
"spotify:track:2kRFrWaLWiKq48YYVdGcm8","Everything In Its Right Place","spotify:artist:4Z8W4fKeB5YxbusRsdQVPb","Radiohead","spotify:album:6GjwtEZcfenmOf6l18N7T7","Kid A","spotify:artist:4Z8W4fKeB5YxbusRsdQVPb","Radiohead","2000-10-02","https://i.scdn.co/image/ab67616d0000b2736c7112082b63beefffe40151","1","1","251426","https://p.scdn.co/mp3-preview/74e765ad6870f549347630ab3594997fd3d3ad4d?cid=9950ac751e34487dbbe027c4fd7f8e99","false","63","GBAYE0000810","spotify:user:","1970-01-01T00:00:00Z"
"spotify:track:0QsbwXmBg5sAcOgFHu23RX","This Silence Is Mine","spotify:artist:4NXiJRheKGsTycUmPwtwSP","Chihiro Onitsuka","spotify:album:0ZPeyWvK0OEAOuj9IEVcGi","This Silence Is Mine / あなたとSciencE","spotify:artist:4NXiJRheKGsTycUmPwtwSP, spotify:artist:7kPnZ5FZf2hYkJpK3TISJo","Chihiro Onitsuka, BILLYS SANDWITCHES","2013-12-18","https://i.scdn.co/image/ab67616d0000b273da1391c6c43d5ae7a2898b86","1","1","426493","https://p.scdn.co/mp3-preview/f4ade8faf3fc98d678bbb2e090792ffb327b5a70?cid=9950ac751e34487dbbe027c4fd7f8e99","false","35","JPA841300606","spotify:user:","1970-01-01T00:00:00Z"
"spotify:track:7bSs1huD3G3nzU7VnG0t2Q","You Say Run (UA Class of 2020 Edition)","spotify:artist:1CMYlrbmoqkLQn7sccIMtA","Mason Lieberman","spotify:album:4YLv1PG6JG55947HK6hZDd","You Say Run (UA Class of 2020 Edition)","spotify:artist:1CMYlrbmoqkLQn7sccIMtA","Mason Lieberman","2020-08-07","https://i.scdn.co/image/ab67616d0000b2738707a691902cdaf0dd937257","1","2","281896","https://p.scdn.co/mp3-preview/58ad7a1261a5cf728f44f40c04f4310b196e876a?cid=9950ac751e34487dbbe027c4fd7f8e99","false","32","QZK6P2066889","spotify:user:","1970-01-01T00:00:00Z"
"spotify:track:6lpw7XFDRZu4JxTs4ek1Wb","Symphony of Boreal Wind","spotify:artist:6CY7WNJfd5uZclcS3WeEjx, spotify:artist:2YvlK6lKiKVjXxsjvNbnqg","Yu-Peng Chen, HOYO-MiX","spotify:album:4B5efqHkeq0UaDGx8nYOuf","Genshin Impact - City of Winds and Idylls (Original Game Soundtrack)","spotify:artist:6CY7WNJfd5uZclcS3WeEjx, spotify:artist:2YvlK6lKiKVjXxsjvNbnqg","Yu-Peng Chen, HOYO-MiX","2020-09-28","https://i.scdn.co/image/ab67616d0000b273fd948e98a2fba6e8b22cb873","3","12","291000","https://p.scdn.co/mp3-preview/a12428fda6302a2a2e40fb8cc1f72e2bd4bbb5a9?cid=9950ac751e34487dbbe027c4fd7f8e99","false","40","FRS182046499","spotify:user:","1970-01-01T00:00:00Z"
"spotify:track:1PDVm6rKyLr4wsajScEoip","Stay With Me","spotify:artist:15q0tk3egz6qJQAzRpMbMl","Seven Billion Dots","spotify:album:1V7imbavVbdl9137lsY5v4","HOPE","spotify:artist:15q0tk3egz6qJQAzRpMbMl","Seven Billion Dots","2021-02-17","https://i.scdn.co/image/ab67616d0000b273425385bd0d442dbb2e3e3df5","1","1","282186","https://p.scdn.co/mp3-preview/8224f9a1c05c0a80b4383c74e8eac70cafbd9385?cid=9950ac751e34487dbbe027c4fd7f8e99","false","37","JPU901902348","spotify:user:","1970-01-01T00:00:00Z"
"spotify:track:40TS0HXFNYHR1mJ2DoJSXk","Letters","spotify:artist:3OhZAmOumrr38g9pqLBTpt","Winters Island","spotify:album:0ST58YDvMlsO1QFECDSaBS","Hestia","spotify:artist:3OhZAmOumrr38g9pqLBTpt","Winters Island","2017-03-24","https://i.scdn.co/image/ab67616d0000b27363356b597fe073a90e27583b","1","2","274112","https://p.scdn.co/mp3-preview/612ba511e5bec3dd4e97080fa240e309c4ba9ae1?cid=9950ac751e34487dbbe027c4fd7f8e99","false","25","TCACZ1722739","spotify:user:","1970-01-01T00:00:00Z"
"spotify:track:4KbbNxgnNy5wyy2vgwHdWX","Your Light","spotify:artist:3hyWjnVPcq8I30XncCtrzo, spotify:artist:47eE2lodNBIA4jjRGNwZdh","Will Morton, Julie Wemyss","spotify:album:2mvv4qoBVDbQUhiyAtKgCp","Lost Ember (Original Game Soundtrack)","spotify:artist:0LyfQWJT6nXafLPZqxe9Of","Various Artists","2019-11-22","https://i.scdn.co/image/ab67616d0000b2737e4598900f0693d80df852a9","1","48","265615","https://p.scdn.co/mp3-preview/2538b862f8d089724e4f7334b70943c5efcf82d2?cid=9950ac751e34487dbbe027c4fd7f8e99","false","34","GBWUL1930882","spotify:user:","1970-01-01T00:00:00Z"
"spotify:track:04aAxqtGp5pv12UXAg4pkq","Centuries","spotify:artist:4UXqAaa6dQYAk18Lv7PEgX","Fall Out Boy","spotify:album:022DrG7Wp2PSCwzuD0bSzT","American Beauty/American Psycho","spotify:artist:4UXqAaa6dQYAk18Lv7PEgX","Fall Out Boy","2015-01-20","https://i.scdn.co/image/ab67616d0000b2733cf1c1dbcfa3f1ab7282719b","1","3","228360","","false","77","USUM71412644","spotify:user:","1970-01-01T00:00:00Z"
"spotify:track:4PrTHOaOTWSIwqygIHyo0T","I Saw Fire","spotify:artist:5ibM5PiLWI6jqhEBf9o43U","TARO","spotify:album:4OOp4oXbh6qJntwTdaiLjC","I Saw Fire","spotify:artist:5ibM5PiLWI6jqhEBf9o43U","TARO","2020-02-14","https://i.scdn.co/image/ab67616d0000b27316c96468d639fe94be93fd76","1","1","232620","https://p.scdn.co/mp3-preview/7302cf2893def35372004f407ebb174c6623086f?cid=9950ac751e34487dbbe027c4fd7f8e99","false","40","GBKQU2011100","spotify:user:","1970-01-01T00:00:00Z"
"spotify:track:6EjuM1UtB3JGj7eIjGjRPY","Feed A","spotify:artist:7CdQSdjEWtSQ5DQEeaikUq","OLDCODEX","spotify:album:4ZJ2C7lxa67LiKC37B5PhY","Fixed Engine","spotify:artist:7CdQSdjEWtSQ5DQEeaikUq","OLDCODEX","2016-06-08","https://i.scdn.co/image/ab67616d0000b27369a0b475d1c9004349314f25","1","12","266533","https://p.scdn.co/mp3-preview/d15f01afd0f37474b0d863c25589bb8b075f35be?cid=9950ac751e34487dbbe027c4fd7f8e99","false","34","JPI101501339","spotify:user:","1970-01-01T00:00:00Z"
"spotify:track:5hiEjdE5yVXeRhvcLG1PRt","Breathe","spotify:artist:00pAfh3nHhvVkWf8dl7dCt","MYKOOL","spotify:album:4WN5JFLy8umSJfaI5ypM35","Breathe","spotify:artist:00pAfh3nHhvVkWf8dl7dCt","MYKOOL","2020-11-27","https://i.scdn.co/image/ab67616d0000b2736d92a4ee5372980adcb51799","1","1","213330","https://p.scdn.co/mp3-preview/c1b5fdb6684fcc4dbf59579cf67b9cc33c00d95a?cid=9950ac751e34487dbbe027c4fd7f8e99","false","35","GBSMU8904246","spotify:user:","1970-01-01T00:00:00Z"
"spotify:track:0bMk3JNnz1VMrRLVnsZAUo","Only wish","spotify:artist:4zTNWB3ALemcFRrUmxyicJ","Luiza","spotify:album:5pow6BmlEL0Q07tkizRCRP","デート・ア・バレット ""DATE A BULLET MUSIC""","spotify:artist:3TN34So0ys58liaK3AQtxu","坂部剛","2021-03-24","https://i.scdn.co/image/ab67616d0000b273a753936328f0cdf3d6634999","1","13","221960","https://p.scdn.co/mp3-preview/39502e758ea083838a5bc07ca15c0f94d15026de?cid=9950ac751e34487dbbe027c4fd7f8e99","false","13","JPCO02017430","spotify:user:","1970-01-01T00:00:00Z"
"spotify:track:7DIH2EjA9mCdsVUegSniKm","Lotus - Reimagined","spotify:artist:7GqHmgqt4wkWHZr8fcc9P7","Windrunner","spotify:album:1kuEmvmxzeA45A9u7k8iwp","Lotus (Reimagined)","spotify:artist:7GqHmgqt4wkWHZr8fcc9P7","Windrunner","2019-07-26","https://i.scdn.co/image/ab67616d0000b2732e5b2ebb57dd286d0a0f0909","1","1","197082","https://p.scdn.co/mp3-preview/57b92f044ce517e4f051617934f21beff180e9b3?cid=9950ac751e34487dbbe027c4fd7f8e99","false","34","US7NV1900306","spotify:user:","1970-01-01T00:00:00Z"
"spotify:track:1sd6q1pxV7wUtVYqtN6IJ9","I Am","spotify:artist:46OtpY1n8PieZ55v1gujZJ","Derek Joel","spotify:album:4IwinbSr7CBl7pvCBzcNDD","I Am","spotify:artist:46OtpY1n8PieZ55v1gujZJ","Derek Joel","2021-06-25","https://i.scdn.co/image/ab67616d0000b273f4697dae75f0705c828a22e6","1","1","220327","https://p.scdn.co/mp3-preview/7b8dd0c25eff115d29636bb94f1edb8673b50ade?cid=9950ac751e34487dbbe027c4fd7f8e99","false","29","QZHN82188061","spotify:user:","1970-01-01T00:00:00Z"
"spotify:track:1wIE2nfv5oF3ld71AriEDP","Still Worth Fighting For","spotify:artist:64g59lHsc4g2jMFokrKDGW","My Darkest Days","spotify:album:7Jv6KGWQNRUFL97B5itz2g","My Darkest Days (Deluxe Edition)","spotify:artist:64g59lHsc4g2jMFokrKDGW","My Darkest Days","2010-09-21","https://i.scdn.co/image/ab67616d0000b273b3c8e8501b3909f565afe8e3","1","14","196066","","false","58","USUM71022391","spotify:user:","1970-01-01T00:00:00Z"
"spotify:track:32lP38PC51gPCuBYhp7Oyj","No Time To Die","spotify:artist:5G4C2cJu2dxvgwDSh1FI3b, spotify:artist:1cEPAqNFhmARDe0HgKOD3h, spotify:artist:7g4o3t2Zs5nJhbD0uACqW5","Entropy Zero, Soul Extract, PLEXXAGLASS","spotify:album:6Y07VBXaOAGDXTbufzqaYs","No Time To Die (feat. PLEXXAGLASS)","spotify:artist:5G4C2cJu2dxvgwDSh1FI3b, spotify:artist:1cEPAqNFhmARDe0HgKOD3h, spotify:artist:7g4o3t2Zs5nJhbD0uACqW5","Entropy Zero, Soul Extract, PLEXXAGLASS","2021-02-26","https://i.scdn.co/image/ab67616d0000b2734fe5d1bf3372db4d297be1ad","1","1","231498","https://p.scdn.co/mp3-preview/7820bc8562e497d3c895ed67c6ce9bc14ae7d05e?cid=9950ac751e34487dbbe027c4fd7f8e99","false","36","QM5LC2100020","spotify:user:","1970-01-01T00:00:00Z"
"spotify:track:2lJtfvPM6z4REAi2eHkPRK","Animal","spotify:artist:40HDiLfKm0tXk2FxlJx6aO, spotify:artist:0xD6n0wj7aqV5g5LcRNBUd","Jim Yosef, RIELL","spotify:album:7884axvXokvNwjGPFzChFB","Animal","spotify:artist:40HDiLfKm0tXk2FxlJx6aO, spotify:artist:0xD6n0wj7aqV5g5LcRNBUd","Jim Yosef, RIELL","2020-11-27","https://i.scdn.co/image/ab67616d0000b273ecf598e215bf94b43ab00dab","1","1","172503","https://p.scdn.co/mp3-preview/6f1b406730282cff01bf9cceab4e61608ef9ecc5?cid=9950ac751e34487dbbe027c4fd7f8e99","false","53","QZMHL2059421","spotify:user:","1970-01-01T00:00:00Z"
"spotify:track:1HuL9NoGcMoPsnv9TEp2xR","Broken Hero (手遊《陰陽師: 帝釋天·阿修羅》角色主題曲)","spotify:artist:4SGDDnlwi5G42HTGzYl2Fc, spotify:artist:6Hjelu0tc1jdwswOUB68o3, spotify:artist:4aqCciNWbqvgOfq3ys6bni","2WEI, 陰陽師 Onmyoji, Elena Westermann","spotify:album:3SH7hdMfUjAQNRFqNJ9uZE","網易手遊《陰陽師: 天域篇》活動原聲帶","spotify:artist:0LyfQWJT6nXafLPZqxe9Of","Various Artists","2021-07-09","https://i.scdn.co/image/ab67616d0000b27339f8d7e35e573707ba3a5143","1","1","219503","https://p.scdn.co/mp3-preview/830487ad49a973972f6abe81aee60c75997ba76c?cid=9950ac751e34487dbbe027c4fd7f8e99","false","35","TWCG52199941","spotify:user:","1970-01-01T00:00:00Z"
"spotify:track:79MzaTIuwfGSVuBtyvXbmH","Brave Shine (English Version)","spotify:artist:3OeVM4IhwyIvBbYmHzaloY, spotify:artist:6wFjw9p4mrJnsslwVMcGu1","BriCie, Aniyeol","spotify:album:7cHkLSn3eZ8G7iCSo00SqM","Brave Shine (English Version)","spotify:artist:3OeVM4IhwyIvBbYmHzaloY","BriCie","2019-08-13","https://i.scdn.co/image/ab67616d0000b273e696e1f072fe4b739f957813","1","1","119323","https://p.scdn.co/mp3-preview/96306bb99bde0de11cb85c531e55d41859a42c27?cid=9950ac751e34487dbbe027c4fd7f8e99","false","29","QZGWW1951176","spotify:user:","1970-01-01T00:00:00Z"
"spotify:track:131F3d3InZE2fqzTHptIgQ","Endlessly","spotify:artist:12Chz98pHFMPJEknJQMWvI","Muse","spotify:album:0HcHPBu9aaF1MxOiZmUQTl","Absolution","spotify:artist:12Chz98pHFMPJEknJQMWvI","Muse","2004-03-23","https://i.scdn.co/image/ab67616d0000b2738cb690f962092fd44bbe2bf4","1","12","228933","https://p.scdn.co/mp3-preview/a8379f493d3b063cac5b112933be37f445684e76?cid=9950ac751e34487dbbe027c4fd7f8e99","false","49","GBCVT0300086","spotify:user:","1970-01-01T00:00:00Z"
"spotify:track:3YBZIN3rekqsKxbJc9FZko","Paradise City","spotify:artist:3qm84nBOXUEQ2vnTfUTTFC","Guns N' Roses","spotify:album:3I9Z1nDCL4E0cP62flcbI5","Appetite For Destruction","spotify:artist:3qm84nBOXUEQ2vnTfUTTFC","Guns N' Roses","1987-07-21","https://i.scdn.co/image/ab67616d0000b27368384dd85fd5e95831252f60","1","6","405640","","true","75","USGF18714806","spotify:user:","1970-01-01T00:00:00Z"
"spotify:track:7dKyBqpWXJQvizk2tcqXBP","Last Surprise","spotify:artist:1zlNCuoEr4yS1t3RMLviCR, spotify:artist:08dD0frW9WYHRGVa40oILp","Tournament Arc, Casey Lee Williams","spotify:album:6QosS60O9Nsov1ApB2EEBP","Last Surprise","spotify:artist:1zlNCuoEr4yS1t3RMLviCR","Tournament Arc","2021-02-23","https://i.scdn.co/image/ab67616d0000b273eeed251944a0ad4ea24c5502","1","1","279500","https://p.scdn.co/mp3-preview/c3051a730d136e238aa700a241534aa14a2b50a4?cid=9950ac751e34487dbbe027c4fd7f8e99","false","37","QZDA42143907","spotify:user:","1970-01-01T00:00:00Z"
"spotify:track:4s5MyMeElBghgUmSihtic9","BB's Theme","spotify:artist:2nrb04b45LG5tjuHHzK5lc, spotify:artist:0QXISEsGJSrlBCYIfQdz5K","Ludvig Forssell, Jenny Plant","spotify:album:5e4LO7QzLLN6sSs9RlaawU","Death Stranding (Original Score)","spotify:artist:2nrb04b45LG5tjuHHzK5lc","Ludvig Forssell","2019-11-08","https://i.scdn.co/image/ab67616d0000b2739c2478187fa5d888a1105193","1","18","316520","https://p.scdn.co/mp3-preview/e333fc58f88c4686857859d364710071b584ad8d?cid=9950ac751e34487dbbe027c4fd7f8e99","false","45","USGSS1900344","spotify:user:","1970-01-01T00:00:00Z"
"spotify:track:1xhcY7o1NeGfXyY3F2FTqb","Floating","spotify:artist:7DtY32Tn17ptmt4RCHnVZs","Andreas Byrsting","spotify:album:4cZbaB9K8rj9cIlFCOQK0G","Floating","spotify:artist:7DtY32Tn17ptmt4RCHnVZs","Andreas Byrsting","2019-11-01","https://i.scdn.co/image/ab67616d0000b27366b7512ee533e63883547f77","1","1","253727","https://p.scdn.co/mp3-preview/038c8ab7856e1a2db7fbd4c1e6a1fef0e349cfae?cid=9950ac751e34487dbbe027c4fd7f8e99","false","28","QZHN91998431","spotify:user:","1970-01-01T00:00:00Z"
"spotify:track:1Qhqq6sDqZ6j0bdlkFgOQL","Royal Beggars","spotify:artist:0JLPvCgJch8H8gdiez8HSY","Christina Rotondo","spotify:album:1zQFyNix5uqPNBtjSIg88h","Ambient Covers, Vol. 1","spotify:artist:0JLPvCgJch8H8gdiez8HSY","Christina Rotondo","2020-10-20","https://i.scdn.co/image/ab67616d0000b273fd25d91faaaea812a8fb92f1","1","9","235887","https://p.scdn.co/mp3-preview/fcbad070862fe8f44d6424e76595530e4f4859dd?cid=9950ac751e34487dbbe027c4fd7f8e99","false","26","QZ22B2014093","spotify:user:","1970-01-01T00:00:00Z"
"spotify:track:06rvbZ4afpwbyfwScOISaU","Unti-L","spotify:artist:2EWXgN0xWOnbqJOxa9pWNO, spotify:artist:5pjjlQXYjoMFWdjdKOre9s","SawanoHiroyuki[nZk], ASCA","spotify:album:34UE0ATLRzLTX2hytQnzu0","R∃/MEMBER","spotify:artist:2EWXgN0xWOnbqJOxa9pWNO","SawanoHiroyuki[nZk]","2019-03-06","https://i.scdn.co/image/ab67616d0000b273479313307f6c3b116041711d","1","9","243693","https://p.scdn.co/mp3-preview/5d644b9ad684490a4126c07340a17c09422aaa20?cid=9950ac751e34487dbbe027c4fd7f8e99","false","39","JPU901900253","spotify:user:","1970-01-01T00:00:00Z"
"spotify:track:7BLwqw4UBgJXwBMVCfc0MZ","Demon","spotify:artist:3a6654FjNDkULXLzZKXJC6, spotify:artist:6wNmjGY56R8paIPEtxkVkb, spotify:artist:0XURMEB81vOurKFntVmbBV","Jathan, Judah Michael, Nathan Wagner","spotify:album:4qhGpgzpfDNg07YIv57PLp","Demon","spotify:artist:3a6654FjNDkULXLzZKXJC6","Jathan","2020-02-26","https://i.scdn.co/image/ab67616d0000b273ed3a4244d839096a93379610","1","1","208965","https://p.scdn.co/mp3-preview/3902f52e2c205511045dd1984b86bfceddcc9c47?cid=9950ac751e34487dbbe027c4fd7f8e99","false","30","QZFZ52024908","spotify:user:","1970-01-01T00:00:00Z"
"spotify:track:7i3YqtsWQhr5MQmhCF25hS","Army","spotify:artist:5mXk5yufaVz1wTuEAiaBN6, spotify:artist:58OT6Rhdj8R1bIkeXPlLdP, spotify:artist:2hM7Rb0V5wKjvDEgYt1zed","Stereohats, Folded Dragons, Amanda Yang","spotify:album:1oj7XMyqzeYEhKPNpUsCX1","Army","spotify:artist:5mXk5yufaVz1wTuEAiaBN6, spotify:artist:58OT6Rhdj8R1bIkeXPlLdP, spotify:artist:2hM7Rb0V5wKjvDEgYt1zed","Stereohats, Folded Dragons, Amanda Yang","2019-09-10","https://i.scdn.co/image/ab67616d0000b273667abebe4274b33c1054fc7c","1","1","230033","https://p.scdn.co/mp3-preview/e4376256051bff936e091d8fcc8765cb294c7d6e?cid=9950ac751e34487dbbe027c4fd7f8e99","false","30","QM24S1924634","spotify:user:","1970-01-01T00:00:00Z"
"spotify:track:7jaC3XuuoX61Nlq0SIucJD","Last Chance","spotify:artist:483Rl4WY6iIJ9czOrOgymb, spotify:artist:0bZFf9h4Rj11L1jG0EUopR","Kabes, Felucia","spotify:album:4AVPY3rDiG6YUmkplDG6Vs","Last Chance","spotify:artist:483Rl4WY6iIJ9czOrOgymb, spotify:artist:0bZFf9h4Rj11L1jG0EUopR","Kabes, Felucia","2020-05-01","https://i.scdn.co/image/ab67616d0000b2738d9f09c933ba63293079683e","1","1","202191","","false","33","DEUM72002374","spotify:user:","1970-01-01T00:00:00Z"
"spotify:track:4CGDqCZ8L3rt9egs2K3ibq","You Say Run (From ""My Hero Academia"") [Epic Orchestral Version]","spotify:artist:6rhhylzloJVDD6FqMNxVKj","Pharozen","spotify:album:1Ymo0sjOZwZAMAujOpoQeB","Anime Meets Orchestral, Vol. 1","spotify:artist:6rhhylzloJVDD6FqMNxVKj","Pharozen","2021-09-20","https://i.scdn.co/image/ab67616d0000b273823ce70bc102f73a0c8c6556","1","10","223636","https://p.scdn.co/mp3-preview/9c44a6f869021831d11506000ed7ed719879a8db?cid=9950ac751e34487dbbe027c4fd7f8e99","false","17","QZGWX2112015","spotify:user:","1970-01-01T00:00:00Z"
"spotify:track:5VyCDHRvFdCzCDM1KioYTe","Cold Illusions","spotify:artist:2Yq9kmjDSKLpCBa6OhrmeV","Ryan Greaves","spotify:album:1pohWxM8vc1rR1KpbxSJ19","TVアニメ「盾の勇者の成り上がり」オリジナル・サウンドトラック “Dawn”","spotify:artist:4S33gEeiCjwfD1FJKfMT3Y","Kevin Penkin","2019-06-19","https://i.scdn.co/image/ab67616d0000b27364126fb2c2489aa1e5453ffd","2","19","180880","https://p.scdn.co/mp3-preview/3c7351a9a795c49b3fe33795c1d65089ab75cc8b?cid=9950ac751e34487dbbe027c4fd7f8e99","false","37","JPCO01915220","spotify:user:","1970-01-01T00:00:00Z"
"spotify:track:41MWlQgZ30zXjOUoyjot60","Not Alone","spotify:artist:0W1c3yyZNy1KtX7SRF3VNe","Forgét Mej","spotify:album:3tNkEeEtxGxkqxwaZLRTzf","Stellaris","spotify:artist:0W1c3yyZNy1KtX7SRF3VNe","Forgét Mej","2020-05-29","https://i.scdn.co/image/ab67616d0000b2736ef41964b08f975775a330b0","1","1","162642","https://p.scdn.co/mp3-preview/7df99029f8c57aa90213576fb9db1b44784a168d?cid=9950ac751e34487dbbe027c4fd7f8e99","false","31","SE6MN2000301","spotify:user:","1970-01-01T00:00:00Z"
"spotify:track:6BlwcAKMEDWOAhQSuErxKZ","Don't Leave Me Here","spotify:artist:2n0sjgdrfHYJT6B39cdvWW","Thaehan","spotify:album:371kMY1L5RsruvtWwHnxWB","Don't Leave Me Here","spotify:artist:2n0sjgdrfHYJT6B39cdvWW","Thaehan","2020-01-12","https://i.scdn.co/image/ab67616d0000b27388837dbbd0b87851881e9f46","1","1","216111","https://p.scdn.co/mp3-preview/ac59b9ec99c58fa81e85664efdcccb37cb61c86e?cid=9950ac751e34487dbbe027c4fd7f8e99","false","35","TCAEP2066141","spotify:user:","1970-01-01T00:00:00Z"
"spotify:track:4VrKSDOKLD9dRkeLScYfPD","Mobile Suit Gundam: Iron-Blooded Orphans","spotify:artist:3RN3VTAcHI62WWV3PlwlLK","Masaru Yokoyama","spotify:album:7uboISHgYOwpW2ate0sVnQ","MOBILE SUIT GUNDAM IRON-BLOODED ORPHANS Original Motion Picture Soundtrack","spotify:artist:3RN3VTAcHI62WWV3PlwlLK","Masaru Yokoyama","2016-03-23","https://i.scdn.co/image/ab67616d0000b2734f588f5d4303a0dab369d7b9","1","1","160413","https://p.scdn.co/mp3-preview/7029e3fcbba8a4941fe8319355be863e0b9f8c76?cid=9950ac751e34487dbbe027c4fd7f8e99","false","41","JPG531500368","spotify:user:","1970-01-01T00:00:00Z"
"spotify:track:0GONea6G2XdnHWjNZd6zt3","Summer Of '69","spotify:artist:3Z02hBLubJxuFJfhacLSDc","Bryan Adams","spotify:album:2o2G49EPi4lua5zgxUKhLL","Reckless (30th Anniversary / Deluxe Edition)","spotify:artist:3Z02hBLubJxuFJfhacLSDc","Bryan Adams","1984-11-05","https://i.scdn.co/image/ab67616d0000b273cf1fee2a55e98e22bf358512","1","6","216053","","false","79","USAM18490006","spotify:user:","1970-01-01T00:00:00Z"
"spotify:track:74FxA27ASpI3f1nwbQNIvk","The Cosmic Balance","spotify:artist:74xthee7eyKf1x7emlFnCL","Dmitry V. Silantyev","spotify:album:0udEox2LG2jmbZsVuuog8m","Pathfinder: Wrath of the Righteous","spotify:artist:0LyfQWJT6nXafLPZqxe9Of","Various Artists","2021-09-25","https://i.scdn.co/image/ab67616d0000b273d1e3d4d4e76b8c7ac1d95c12","1","59","133000","https://p.scdn.co/mp3-preview/4ed824c6056a505bfd391702f5acb67142ec09c8?cid=9950ac751e34487dbbe027c4fd7f8e99","false","32","QZPJ32100381","spotify:user:","1970-01-01T00:00:00Z"
"spotify:track:2XAPFLOzOlTu707FExHrYN","I Know Your Secrets","spotify:artist:73jlPRxT7z5xk29sMqFDjU, spotify:artist:0CZk5Sv5PCfxRiRsR32Ejd","Tommee Profitt, Liv Ash","spotify:album:1DItGYUnooSffYpT3p0tsL","Cinematic Songs (Vol. 3)","spotify:artist:73jlPRxT7z5xk29sMqFDjU","Tommee Profitt","2018-02-09","https://i.scdn.co/image/ab67616d0000b273ddff645014fd90c003c6dab1","1","1","215952","","false","41","TCADL1881363","spotify:user:","1970-01-01T00:00:00Z"
"spotify:track:018eOid2aGaPdxon7T6GsC","Shayad (From ""Love Aaj Kal"")","spotify:artist:1wRPtKGflJrBx9BmLsSwlU, spotify:artist:4YRxDV8wJFPHPTeXepOstw","Pritam, Arijit Singh","spotify:album:3Q6oDVihOpQVi2FC0Mfjlm","Shayad (From ""Love Aaj Kal"")","spotify:artist:1wRPtKGflJrBx9BmLsSwlU","Pritam","2020-01-22","https://i.scdn.co/image/ab67616d0000b2735ce250ed772675c347a34f64","1","1","247941","https://p.scdn.co/mp3-preview/f78d00e46299a1b1ba90c19969eaaf4edb020243?cid=9950ac751e34487dbbe027c4fd7f8e99","false","66","INS172000162","spotify:user:","1970-01-01T00:00:00Z"
"spotify:track:3EPXxR3ImUwfayaurPi3cm","Be Alright","spotify:artist:3QSQFmccmX81fWCUSPTS7y","Dean Lewis","spotify:album:0YZLXTaHLcgl5UdtKDiUXD","Be Alright","spotify:artist:3QSQFmccmX81fWCUSPTS7y","Dean Lewis","2018-06-29","https://i.scdn.co/image/ab67616d0000b27313480e8127119dcb882eb53d","1","1","196373","","true","76","AUUM71800255","spotify:user:","1970-01-01T00:00:00Z"
"spotify:track:7tl1En7BCSnD6Qb5OGlEIE","Paniyon Sa","spotify:artist:2oSONSC9zQ4UonDKnLqksx, spotify:artist:0T1CMVkqffHlqEk4BcAph1","Atif Aslam, Tulsi Kumar","spotify:album:5Ni5qgjE8gMZl4TXrbTwoV","Satyameva Jayate","spotify:artist:0LyfQWJT6nXafLPZqxe9Of","Various Artists","2018-08-01","https://i.scdn.co/image/ab67616d0000b273c85e9cfe721fb577d79a2b54","1","2","236239","https://p.scdn.co/mp3-preview/15d2e144d0b413b9c01fd6cec10a9e6f90882b56?cid=9950ac751e34487dbbe027c4fd7f8e99","false","54","INS181801601","spotify:user:","1970-01-01T00:00:00Z"
"spotify:track:55q3Ro66yXWi9rsEddeEN4","Pyramid Song","spotify:artist:4Z8W4fKeB5YxbusRsdQVPb","Radiohead","spotify:album:1HrMmB5useeZ0F5lHrMvl0","Amnesiac","spotify:artist:4Z8W4fKeB5YxbusRsdQVPb","Radiohead","2001-03-12","https://i.scdn.co/image/ab67616d0000b273863e0e305637100311c91aa7","1","2","288733","https://p.scdn.co/mp3-preview/afb79a103e9c4924a960dea2f2bb1225e73a4e54?cid=9950ac751e34487dbbe027c4fd7f8e99","false","58","GBAYE0001578","spotify:user:","1970-01-01T00:00:00Z"
"spotify:track:5CiHCfXZQyQEkmSeEj39PF","Pal Pal Dil Ke Paas- Title Track","spotify:artist:4YRxDV8wJFPHPTeXepOstw, spotify:artist:1E6arsXf5Fgsnv9YpSzjpE","Arijit Singh, Parampara Tandon","spotify:album:7yO4NM0VMj0DbI8gDIRn0V","Pal Pal Dil Ke Paas (Original Motion Picture Soundtrack)","spotify:artist:4f7KfxeHq9BiylGmyXepGt, spotify:artist:2DpITTpb4v5SQtB3iA4A44, spotify:artist:1SyKki7JI1AZNKwgNMkn25","Tanishk Bagchi, Rishi Rich, Sachet-Parampara","2019-08-29","https://i.scdn.co/image/ab67616d0000b273e0d8705ca0f5b7bda39f0143","1","2","254516","https://p.scdn.co/mp3-preview/0dca5a20f2a62cb7d6f1dbff4a59256f1878cca2?cid=9950ac751e34487dbbe027c4fd7f8e99","false","54","INZ031406006","spotify:user:","1970-01-01T00:00:00Z"
"spotify:track:2ovq5SIJ7zRgtLDR0zBHj7","Rabbit In Your Headlights","spotify:artist:2nszamLjZFgu3Yx77mKxuC, spotify:artist:4CvTDPKA6W06DRfBnZKrau","UNKLE, Thom Yorke","spotify:album:6Dxx0vxLQ83LK1PMZezlcY","Psyence Fiction","spotify:artist:2nszamLjZFgu3Yx77mKxuC","UNKLE","1998-09-29","https://i.scdn.co/image/ab67616d0000b2734f1a91e8d19ff7e39b671b25","1","11","376160","","false","47","GBAQH9800046","spotify:user:","1970-01-01T00:00:00Z"
"spotify:track:07MDkzWARZaLEdKxo6yArG","Meet Me At Our Spot","spotify:artist:64H8UqGLbJFHwKtGxiV8OP, spotify:artist:3rWZHrfrsPBxVy692yAIxF, spotify:artist:1xoxekeb8jUVHKJB7m6bfg","THE ANXIETY, WILLOW, Tyler Cole","spotify:album:2kZyqn4Cmr78D74K9TcO4K","THE ANXIETY","spotify:artist:64H8UqGLbJFHwKtGxiV8OP, spotify:artist:3rWZHrfrsPBxVy692yAIxF, spotify:artist:1xoxekeb8jUVHKJB7m6bfg","THE ANXIETY, WILLOW, Tyler Cole","2020-03-13","https://i.scdn.co/image/ab67616d0000b273024ea7e883a713a3ad552a71","1","8","162680","","true","76","QMJMT2002693","spotify:user:","1970-01-01T00:00:00Z"
"spotify:track:70LcF31zb1H0PyJoS1Sx1r","Creep","spotify:artist:4Z8W4fKeB5YxbusRsdQVPb","Radiohead","spotify:album:3gBVdu4a1MMJVMy6vwPEb8","Pablo Honey","spotify:artist:4Z8W4fKeB5YxbusRsdQVPb","Radiohead","1993-02-22","https://i.scdn.co/image/ab67616d0000b273df55e326ed144ab4f5cecf95","1","2","238640","https://p.scdn.co/mp3-preview/05060f1bff8a1369941bf8d880118bd496aa6fb6?cid=9950ac751e34487dbbe027c4fd7f8e99","true","82","GBAYE9200070","spotify:user:","1970-01-01T00:00:00Z"
"spotify:track:79jYT83v4bMOWEgwjQxSx2","Ae Dil Hai Mushkil Title Track (From ""Ae Dil Hai Mushkil"")","spotify:artist:1wRPtKGflJrBx9BmLsSwlU, spotify:artist:4YRxDV8wJFPHPTeXepOstw","Pritam, Arijit Singh","spotify:album:5G7pAy1rJRhSvzwPbPvMAo","Ae Dil Hai Mushkil Title Track (From ""Ae Dil Hai Mushkil"")","spotify:artist:1wRPtKGflJrBx9BmLsSwlU, spotify:artist:4YRxDV8wJFPHPTeXepOstw","Pritam, Arijit Singh","2016-10-26","https://i.scdn.co/image/ab67616d0000b273c8e96da2669b5d51ee36205a","1","1","269032","https://p.scdn.co/mp3-preview/f5423458119257f8ad427e843ff42d84ba9a5173?cid=9950ac751e34487dbbe027c4fd7f8e99","false","60","INS171602089","spotify:user:","1970-01-01T00:00:00Z"
"spotify:track:18qvuLTZqUHlSjNvXpq647","Ascended (Glitchtale) [Ascension] - Extended","spotify:artist:5lpp0CR1oFQarAADLooNjP","Amella","spotify:album:5MUuJaM7h0DzCaSiTb9fJg","Ascended (Glitchtale) [Ascension] [Extended]","spotify:artist:5lpp0CR1oFQarAADLooNjP","Amella","2020-05-01","https://i.scdn.co/image/ab67616d0000b27382f7523f2b02acfdccf7f7ea","1","1","413312","https://p.scdn.co/mp3-preview/9f8df320b4be0b027656028a30f4ac5a232d8c99?cid=9950ac751e34487dbbe027c4fd7f8e99","false","30","QZES72015789","spotify:user:","1970-01-01T00:00:00Z"
"spotify:track:0s6wwnnpoz9fomyzTQeF3y","Rivers in the Desert","spotify:artist:0cJfPyB4vPbO8qFtx0f3Ds, spotify:artist:6jDwZUFYUH1dC4xWzOd8QU, spotify:artist:2uvmxMc9siyCzqLovUXV9l","SixteenInMono, Caleb Hyles, Legendav","spotify:album:577vw04R3oiwYHSqleR9Ao","Rivers in the Desert","spotify:artist:0cJfPyB4vPbO8qFtx0f3Ds","SixteenInMono","2018-07-19","https://i.scdn.co/image/ab67616d0000b273f8bffd2e8cd97cb500dd3ba8","1","1","317538","https://p.scdn.co/mp3-preview/28c09786b01686e3ea6abd0d22e530c8a9ad0b7e?cid=9950ac751e34487dbbe027c4fd7f8e99","false","32","QZDA61885837","spotify:user:","1970-01-01T00:00:00Z"
"spotify:track:01sMddVPJO1tyhDIvpVwH3","M'envoler vers toi","spotify:artist:3i0ze0DA2CaTwiAbWGJqT2, spotify:artist:4RhnzuiXjOoEicrsfikEJW","Felicia Farerre, Phil Rey","spotify:album:0AET95Bro3VK8um3PmYccK","MMXVIII","spotify:artist:3i0ze0DA2CaTwiAbWGJqT2","Felicia Farerre","2019-01-07","https://i.scdn.co/image/ab67616d0000b2738398373ff7842caf9eef339a","1","2","307831","https://p.scdn.co/mp3-preview/8cfd9a0f51e50f86c4914e85fb68c4129e358649?cid=9950ac751e34487dbbe027c4fd7f8e99","false","37","QZ22B2047522","spotify:user:","1970-01-01T00:00:00Z"
"spotify:track:4Yp7oJDcBWo3tDr6Pl9teB","Your Call","spotify:artist:3eIDtyF3QaP6SIA3EExRPj","Gaby Grace","spotify:album:2lMsrMUpreDbH5NsSGLu2G","Heaven on Earth","spotify:artist:3eIDtyF3QaP6SIA3EExRPj","Gaby Grace","2021-11-26","https://i.scdn.co/image/ab67616d0000b27396ee6fc966b503b161ed0fab","1","2","379449","https://p.scdn.co/mp3-preview/11bcc005bea2271a490b5b032ab3d632ff944eb7?cid=9950ac751e34487dbbe027c4fd7f8e99","false","29","usl4q2130140","spotify:user:","1970-01-01T00:00:00Z"
"spotify:track:4uK94FTkIRJjDuqsRdgWWT","Dialga's Fight to the Finish","spotify:artist:2boudDTnAlzb00NFNXTkad","Kamex","spotify:album:5nfueO2Ke0rtlo8SzTYAZA","Dialga's Fight to the Finish","spotify:artist:2boudDTnAlzb00NFNXTkad","Kamex","2020-02-18","https://i.scdn.co/image/ab67616d0000b273dbfe8467fde6e7c83a098463","1","1","330003","https://p.scdn.co/mp3-preview/4fbec5b196337b3be5c17f92bd978f04fc91898b?cid=9950ac751e34487dbbe027c4fd7f8e99","false","20","QZFZ42042036","spotify:user:","1970-01-01T00:00:00Z"
"spotify:track:4xWs5kJHJcTROlQ7U4tZ6B","Libera Me From Hell","spotify:artist:6e5om7DQ5DkHx7rJ1kaMkj","L'Orchestre d'Anime de Montreal","spotify:album:3R5okQAzgPXIcWqsGscEqe","Volume I","spotify:artist:6e5om7DQ5DkHx7rJ1kaMkj","L'Orchestre d'Anime de Montreal","2021-03-01","https://i.scdn.co/image/ab67616d0000b2733e6eb2cc09f4f4d546252a26","1","11","273066","https://p.scdn.co/mp3-preview/660fbc1c16a15903d1802fbe022bfe4b35474f6e?cid=9950ac751e34487dbbe027c4fd7f8e99","false","31","QZFZ42197318","spotify:user:","1970-01-01T00:00:00Z"
"spotify:track:283GaUQHPxSc4uSnhwofNx","Weight of the World (From ""NieR: Automata"") [English Version]","spotify:artist:47SKKz21c5Zd3Fh8u8pMvP, spotify:artist:2NZnp4c69Xtca073hUOHq8","Lizz Robinett, Luke Thomas","spotify:album:6TxVJ3lwkBPx94ymvVHqHx","Benevolence","spotify:artist:47SKKz21c5Zd3Fh8u8pMvP","Lizz Robinett","2020-01-15","https://i.scdn.co/image/ab67616d0000b273a4a420ac37911f54a0da447f","1","11","341148","https://p.scdn.co/mp3-preview/bd6203701445aa960f98146cfc34fa33372b79d8?cid=9950ac751e34487dbbe027c4fd7f8e99","false","16","QZGWW2000458","spotify:user:","1970-01-01T00:00:00Z"
"spotify:track:1KcnYfMwFhbgbD2Wk6upxc","Reiwa","spotify:artist:3NTbOmzlj2cL86XFuDVFvZ, spotify:artist:45ft4DyTCEJfQwTBHXpdhM","MAN WITH A MISSION, milet","spotify:album:6CQWMBIlyZ86rUZxAoTHVT","MAN WITH A ""B-SIDES & COVERS"" MISSION","spotify:artist:3NTbOmzlj2cL86XFuDVFvZ","MAN WITH A MISSION","2011","https://i.scdn.co/image/ab67616d0000b2738510268fbb57817571fe0806","1","11","284026","https://p.scdn.co/mp3-preview/cdafa3d8881779883055d25a9797bb1e50290be5?cid=9950ac751e34487dbbe027c4fd7f8e99","false","37","JPU901902401","spotify:user:","1970-01-01T00:00:00Z"
"spotify:track:06PeinAja9yRQGxO2L549Z","ツキアカリ","spotify:artist:4dP04Y2d6esI6cwOiAozgg","Rie fu","spotify:album:1owJybKeeyOYAJaagb0UET","Tobira Album","spotify:artist:4dP04Y2d6esI6cwOiAozgg","Rie fu","2007-11-21","https://i.scdn.co/image/ab67616d0000b2733ddc61516a073e971602f533","1","3","268306","https://p.scdn.co/mp3-preview/71ea818956b926a9ec09ec0cab0345d6adb637fa?cid=9950ac751e34487dbbe027c4fd7f8e99","false","30","JPX800700101","spotify:user:","1970-01-01T00:00:00Z"
"spotify:track:2O7MDtip1E1NRLb38RSpZD","Child Song","spotify:artist:2F63dFx0pQppznarjuyflx, spotify:artist:4NTSJJtojdlEAj98it878w, spotify:artist:42kN90NtrkiUc6cdgu4NOW, spotify:artist:4zG9AWbdwEqp2pjrjDnYNV, spotify:artist:0gy9Sw1vcjwxbOOuXboKAB","Pierre Le Pape, Spencer Sotelo, Frédéric Leclercq, Dirk Verbeuren, Anne-Lise Durantel","spotify:album:4OppKnZRAm5lduKatdxB6n","Child Song","spotify:artist:2F63dFx0pQppznarjuyflx","Pierre Le Pape","2020-07-10","https://i.scdn.co/image/ab67616d0000b273cc94d922591ef456ceea85ac","1","1","295400","https://p.scdn.co/mp3-preview/6a3ba134a59d41229cab6963e741d8aea00aa271?cid=9950ac751e34487dbbe027c4fd7f8e99","false","39","FRX202045816","spotify:user:","1970-01-01T00:00:00Z"
"spotify:track:3d0lJHcX2GTMd1oMMQ2PjO","Deep Blue","spotify:artist:44HQ4cmv8MKMNHkPtXwZbQ, spotify:artist:2kOSMhYBzLt7xPtiAr7dlj","Marcus Warner, Kirsten Horne","spotify:album:0JLLKgplJ8EK7gfmVFCoP3","Deep Blue","spotify:artist:44HQ4cmv8MKMNHkPtXwZbQ","Marcus Warner","2020-03-08","https://i.scdn.co/image/ab67616d0000b273e38f8470271344bfc150f0fe","1","1","232003","https://p.scdn.co/mp3-preview/d702a81bf72bf7bdc44986c981d32f37850f58cc?cid=9950ac751e34487dbbe027c4fd7f8e99","false","31","uscgj2038840","spotify:user:","1970-01-01T00:00:00Z"
"spotify:track:18dWBsEdWdGA1MRPN95H1X","FLARE","spotify:artist:7CHOrOaEA09yNN1PLPlibc, spotify:artist:3TaoBigLDNClJ5pm7NBIRb","Void_Chords, LIO","spotify:album:7jzKRRK71xVB1BvWr9akZd","FLARE","spotify:artist:7CHOrOaEA09yNN1PLPlibc","Void_Chords","2019-07-24","https://i.scdn.co/image/ab67616d0000b27378239f748ae56e8002f182e0","1","1","274426","https://p.scdn.co/mp3-preview/bfdf2be63f402da34310402127798a95d6df9043?cid=9950ac751e34487dbbe027c4fd7f8e99","false","44","JPI101901085","spotify:user:","1970-01-01T00:00:00Z"
"spotify:track:2AwjkoFLa9GW6ZXwog3Npu","Imitation","spotify:artist:2syF1bzRIAsRI25sR3ee2H, spotify:artist:2zm17jSm0kQ4AWIdC0sR37","CDK, Shuriken255","spotify:album:13zNPn7aCeVF1HvlN6Y24r","Imitation","spotify:artist:2syF1bzRIAsRI25sR3ee2H, spotify:artist:2zm17jSm0kQ4AWIdC0sR37","CDK, Shuriken255","2020-02-28","https://i.scdn.co/image/ab67616d0000b273f88cd8633e3a34a9cee56e61","1","1","228889","https://p.scdn.co/mp3-preview/1cf544ea9f3bbf194b56b8e195814a8141e436a2?cid=9950ac751e34487dbbe027c4fd7f8e99","false","35","TCAEQ2097730","spotify:user:","1970-01-01T00:00:00Z"
"spotify:track:4uggqOhSODsfPN0JKbtSUL","SUPERNOVA","spotify:artist:373XSzgRHjl6imFLdGNlQm","From Fall to Spring","spotify:album:6WwxAuXCdZ7csKHwx0E3eZ","Supernova","spotify:artist:373XSzgRHjl6imFLdGNlQm","From Fall to Spring","2020-08-15","https://i.scdn.co/image/ab67616d0000b273ad4fc8284fe6cf8c442b1358","1","1","224000","https://p.scdn.co/mp3-preview/04439c1fbb3a467ea653d8e09201d81ccf70d656?cid=9950ac751e34487dbbe027c4fd7f8e99","false","38","TCAEZ2089428","spotify:user:","1970-01-01T00:00:00Z"
"spotify:track:4ciPYfxVC4irIDkvLo7eH2","Destiny Crucified","spotify:artist:1DHGS6S7X2lF4cgEa9ErqC","Shokran","spotify:album:3TobkUoWWzwZLKwYGeXJRs","Ethereal","spotify:artist:1DHGS6S7X2lF4cgEa9ErqC","Shokran","2019-02-08","https://i.scdn.co/image/ab67616d0000b2733f5da4404c1075985534f92e","1","10","281117","https://p.scdn.co/mp3-preview/c20ba4701d369c5e83e9fbd7db6e36eb810642e3?cid=9950ac751e34487dbbe027c4fd7f8e99","false","28","TCADZ1864697","spotify:user:","1970-01-01T00:00:00Z"
"spotify:track:6ykd3YXMOQIoe4RIxUdIv4","Blue","spotify:artist:5DoU3HuEcF6GTXe7CzYY7U","Jennifer Jess","spotify:album:1KhuXH8GfAYmenfbFxwRRB","Blue","spotify:artist:5DoU3HuEcF6GTXe7CzYY7U","Jennifer Jess","2019-08-23","https://i.scdn.co/image/ab67616d0000b273689d83978f47394e9160e5b4","1","1","198698","https://p.scdn.co/mp3-preview/4261d5bded9cca7ecb41def38751beffc0ecd81e?cid=9950ac751e34487dbbe027c4fd7f8e99","false","33","ushm81940013","spotify:user:","1970-01-01T00:00:00Z"
"spotify:track:77ddOZ1tTAhap6sDFHMPE0","True Strength (A One Punch Man Orchestration)","spotify:artist:3KWoJPuCAiuaPK3ytDxjur","Rush Garcia","spotify:album:58QoWLMIx5TLJVON97LJXB","Everything I Have, Vol.2","spotify:artist:3KWoJPuCAiuaPK3ytDxjur","Rush Garcia","2019-05-19","https://i.scdn.co/image/ab67616d0000b273599c9262a789dfd89d227abe","1","21","274016","https://p.scdn.co/mp3-preview/21992385f856449fb6ebb19993fd186cd3dafa18?cid=9950ac751e34487dbbe027c4fd7f8e99","false","28","TCAEG1912085","spotify:user:","1970-01-01T00:00:00Z"
"spotify:track:3fYMVtfD6mbDSNREPAl1pq","I'll Find a Way","spotify:artist:47mIJdHORyRerp4os813jD, spotify:artist:2ZLkrrjhoAzlDuxGZJSWB2","League of Legends, TELLE","spotify:album:4BI0o8MQXotNlNIzQl5fGC","Echoes of Light","spotify:artist:47mIJdHORyRerp4os813jD","League of Legends","2021-08-06","https://i.scdn.co/image/ab67616d0000b273be1dbd1feb1aead48c7f3a36","1","9","205529","https://p.scdn.co/mp3-preview/5668601c63d679743bb864ad7c2cd6db510911e7?cid=9950ac751e34487dbbe027c4fd7f8e99","false","44","QZH6S1900380","spotify:user:","1970-01-01T00:00:00Z"
"spotify:track:2K3wCwoO5yjlHuIatLfmtp","Direction","spotify:artist:34STuFHN2Pdd5mOu4bqa9G","Apnea","spotify:album:1eL6gTYYwzzYkV6FCIC0zn","ANAE-731","spotify:artist:34STuFHN2Pdd5mOu4bqa9G","Apnea","2017-07-31","https://i.scdn.co/image/ab67616d0000b273ad9e1e4fc8bb5ba9c28da1e9","1","1","244227","https://p.scdn.co/mp3-preview/715b14d26d9268d3f8b5749829f3134f773d1bd4?cid=9950ac751e34487dbbe027c4fd7f8e99","false","36","UK6821401756","spotify:user:","1970-01-01T00:00:00Z"
"spotify:track:3Ualx5c2XUkfGcvbxGykwA","Restless","spotify:artist:4gr7BXt3nNKEiWmdWXRuNK, spotify:artist:4dj24SyTs5oxqWmTuQE8hn","Pantherium, Arcane","spotify:album:60SoDcHFVg995WEKtLJev4","Restless","spotify:artist:4dj24SyTs5oxqWmTuQE8hn, spotify:artist:4gr7BXt3nNKEiWmdWXRuNK","Arcane, Pantherium","2020-11-13","https://i.scdn.co/image/ab67616d0000b2730e6c3a85f45b8e78722a9f72","1","1","187200","https://p.scdn.co/mp3-preview/8f14aae3797747fdbccc96125598bd8b4e4e3a19?cid=9950ac751e34487dbbe027c4fd7f8e99","false","37","UKXN21989447","spotify:user:","1970-01-01T00:00:00Z"
"Track URI","Track Name","Artist URI(s)","Artist Name(s)","Album URI","Album Name","Album Artist URI(s)","Album Artist Name(s)","Album Release Date","Album Image URL","Disc Number","Track Number","Track Duration (ms)","Track Preview URL","Explicit","Popularity","ISRC","Added By","Added At"
"spotify:track:4h9wh7iOZ0GGn8QVp4RAOB","I Ain't Worried","spotify:artist:5Pwc4xIPtQLFEnJriah9YJ","OneRepublic","spotify:album:04PEOM6kIEeq9lRp1asNP2","I Ain’t Worried (Music From The Motion Picture ""Top Gun: Maverick"")","spotify:artist:5Pwc4xIPtQLFEnJriah9YJ","OneRepublic","2022-05-13","https://i.scdn.co/image/ab67616d0000b273ec96e006b8bdfc582610ec13","1","1","148485","","false","91","USUM72206227","","2023-01-14T15:54:14Z"
"spotify:track:1MtqOE9Uy6SZjPnBi1X7pQ","Best Day Of My Life","spotify:artist:2txHhyCwHjUEpJjWrEyqyX","Tom Odell","spotify:album:1uwRGASmRNUTbd4KD3A6bw","Best Day of My Life","spotify:artist:2txHhyCwHjUEpJjWrEyqyX","Tom Odell","2022-10-28","https://i.scdn.co/image/ab67616d0000b27317659afd7e24868769c0ac9b","1","1","146895","https://p.scdn.co/mp3-preview/8de85cf380cc59ea7fb91f5babe39d95120f5108?cid=9950ac751e34487dbbe027c4fd7f8e99","true","68","QMUY42200008","","2023-01-08T18:10:54Z"
"spotify:track:1E6eBDvEvVMz3PIUIkWs1y","I Just Wanna Dance","spotify:artist:6VSMAVF00xwG8Adoqnbqy6, spotify:artist:3noOJBzljbPMoifF6wY12v","Rat City, Isak Heim","spotify:album:5qj8lJSGn2tNQUsDVEVMnK","I Just Wanna Dance","spotify:artist:6VSMAVF00xwG8Adoqnbqy6, spotify:artist:3noOJBzljbPMoifF6wY12v","Rat City, Isak Heim","2020-05-15","https://i.scdn.co/image/ab67616d0000b273c634a5ee4022b411e141fbb6","1","1","177631","https://p.scdn.co/mp3-preview/a822e2850b12cf4fbd682fc4dad08052aa8b34f9?cid=9950ac751e34487dbbe027c4fd7f8e99","false","34","NOAJR2000019","","2022-05-08T09:33:10Z"
"spotify:track:7DIH2EjA9mCdsVUegSniKm","Lotus - Reimagined","spotify:artist:7GqHmgqt4wkWHZr8fcc9P7","Windrunner","spotify:album:1kuEmvmxzeA45A9u7k8iwp","Lotus (Reimagined)","spotify:artist:7GqHmgqt4wkWHZr8fcc9P7","Windrunner","2019-07-26","https://i.scdn.co/image/ab67616d0000b2732e5b2ebb57dd286d0a0f0909","1","1","197082","https://p.scdn.co/mp3-preview/57b92f044ce517e4f051617934f21beff180e9b3?cid=9950ac751e34487dbbe027c4fd7f8e99","false","34","US7NV1900306","","2022-05-05T00:21:03Z"
"spotify:track:240XAisNEKriCHKjmqUhOT","Theater of the Dead","spotify:artist:520HRtk3c4y8WTKKywE4PY","Tulip","spotify:album:0HnIGhinaZsYcKjYovQxIL","High Strangeness","spotify:artist:520HRtk3c4y8WTKKywE4PY","Tulip","2020-04-04","https://i.scdn.co/image/ab67616d0000b273d2da9df6e116ec5fa3e5c463","1","6","265223","https://p.scdn.co/mp3-preview/2ce3953cb5c382ac6f98a0c375ab04cdc8e83bb8?cid=9950ac751e34487dbbe027c4fd7f8e99","false","33","uscgj2019296","","2022-05-05T00:04:53Z"
"spotify:track:1sd6q1pxV7wUtVYqtN6IJ9","I Am","spotify:artist:46OtpY1n8PieZ55v1gujZJ","Derek Joel","spotify:album:4IwinbSr7CBl7pvCBzcNDD","I Am","spotify:artist:46OtpY1n8PieZ55v1gujZJ","Derek Joel","2021-06-25","https://i.scdn.co/image/ab67616d0000b273f4697dae75f0705c828a22e6","1","1","220327","https://p.scdn.co/mp3-preview/7b8dd0c25eff115d29636bb94f1edb8673b50ade?cid=9950ac751e34487dbbe027c4fd7f8e99","false","29","QZHN82188061","","2022-05-04T04:26:34Z"
"spotify:track:2kRFrWaLWiKq48YYVdGcm8","Everything In Its Right Place","spotify:artist:4Z8W4fKeB5YxbusRsdQVPb","Radiohead","spotify:album:6GjwtEZcfenmOf6l18N7T7","Kid A","spotify:artist:4Z8W4fKeB5YxbusRsdQVPb","Radiohead","2000-10-02","https://i.scdn.co/image/ab67616d0000b2736c7112082b63beefffe40151","1","1","251426","https://p.scdn.co/mp3-preview/74e765ad6870f549347630ab3594997fd3d3ad4d?cid=9950ac751e34487dbbe027c4fd7f8e99","false","63","GBAYE0000810","","2022-04-27T02:16:53Z"
"spotify:track:0GONea6G2XdnHWjNZd6zt3","Summer Of '69","spotify:artist:3Z02hBLubJxuFJfhacLSDc","Bryan Adams","spotify:album:2o2G49EPi4lua5zgxUKhLL","Reckless (30th Anniversary / Deluxe Edition)","spotify:artist:3Z02hBLubJxuFJfhacLSDc","Bryan Adams","1984-11-05","https://i.scdn.co/image/ab67616d0000b273cf1fee2a55e98e22bf358512","1","6","216053","","false","79","USAM18490006","","2022-04-12T09:42:53Z"
"spotify:track:2Iw0l51tL8hKsuXiPlcgWO","Balenciaga","spotify:artist:17rcbJUtkjFBgMoczYSPK5","Paulz","spotify:album:42AidyPTYC44ljLDFy8mFW","Balenciaga","spotify:artist:17rcbJUtkjFBgMoczYSPK5","Paulz","2021-02-04","https://i.scdn.co/image/ab67616d0000b2733b90c212967eefb6e6d0d361","1","1","180568","","false","32","SE5BU2171288","","2022-03-20T18:45:05Z"
"spotify:track:2lzP5CLvqGvpz1zNJukSgD","Aisi Gehraiyaan Aisi Tanhaiyaan","spotify:artist:0XL6ie7a0NY5FM05b9Rn5L","Farhan Akhtar","spotify:album:6Baavsh6HfNka1IyvPrr24","Zindagi Na Milegi Dobara","spotify:artist:0L5GV6LN8SWWUWIdBbTLTZ","Shankar-Ehsaan-Loy","2011-06-06","https://i.scdn.co/image/ab67616d0000b2730acb5a72549287bf33b51b71","1","2","88978","https://p.scdn.co/mp3-preview/b7fc4541aee08970bd52259f1417d8c139ab03e5?cid=9950ac751e34487dbbe027c4fd7f8e99","false","53","INS181102655","","2022-03-05T18:35:06Z"
"spotify:track:2pyHuyerTOg6v0BMrJb8lL","Eye For An Eye","spotify:artist:1YznSk5tLLp9BnzuNgghrZ","8 Graves","spotify:album:19CCfcTfqpqWg2kHUMSEpZ","Red","spotify:artist:1YznSk5tLLp9BnzuNgghrZ","8 Graves","2020-09-18","https://i.scdn.co/image/ab67616d0000b273754d2c91ed163ec7db00e89c","1","3","205602","","false","0","GBKPL2007746","","2022-03-03T21:11:35Z"
"spotify:track:3NEuSQZbVmfQwRuDKol40Y","SPARK-AGAIN","spotify:artist:0bAsR2unSRpn6BQPEnNlZm","Aimer","spotify:album:3OBjI5LyxiWJZSEuBskBbG","SPARK-AGAIN","spotify:artist:0bAsR2unSRpn6BQPEnNlZm","Aimer","2020-09-09","https://i.scdn.co/image/ab67616d0000b27332a6df61fa5c878c6e2aa87b","1","1","244160","https://p.scdn.co/mp3-preview/4b0a8579f95fcd1da759edafa1d6b1db87f122ed?cid=9950ac751e34487dbbe027c4fd7f8e99","false","54","JPU902001603","","2022-02-21T19:46:53Z"
"spotify:track:0WaaPFt4Qy8sVfxKz43bCD","Re:Re:","spotify:artist:0MK8l3nURwwQIjafvXoJJt","ASIAN KUNG-FU GENERATION","spotify:album:56xQzwz8VKC3LOtvrI4g04","ソルファ","spotify:artist:0MK8l3nURwwQIjafvXoJJt","ASIAN KUNG-FU GENERATION","2004","https://i.scdn.co/image/ab67616d0000b27342b08c3ee667cbba84372739","1","8","228760","https://p.scdn.co/mp3-preview/26fe7fc5d95c3c015ef3ab02a9eea56356150d76?cid=9950ac751e34487dbbe027c4fd7f8e99","false","57","JPKS00401165","","2022-02-21T19:41:33Z"
"spotify:track:6KRc596UDGsJfrgEFvLGro","Blossom","spotify:artist:2PyT6zhFlnRTEIKZUHh5NO","Ben Walter","spotify:album:54rb64GRPKZnZdiJKG8Y0X","Blossom","spotify:artist:2PyT6zhFlnRTEIKZUHh5NO","Ben Walter","2021-04-05","https://i.scdn.co/image/ab67616d0000b2738cf7b49b7698dc687ba105cc","1","1","246461","https://p.scdn.co/mp3-preview/51ad96e772ef34ef40f20bf05d9ae066ae78c162?cid=9950ac751e34487dbbe027c4fd7f8e99","false","30","QZDA72131868","","2022-02-16T19:00:10Z"
"spotify:track:7hXFx8ue6LnP6sB8Zf7ik9","Sleep Forever","spotify:artist:7eLmjBYVvApof3usPlIIem, spotify:artist:1f8UNsnIHYgguJ6n7FDS9K, spotify:artist:3lwJ6CKvOHHhOuQDp4mwT2","Kris Sobanski, It Lives\, It Breathes, Kaiser Sensei","spotify:album:04qsLx0kaYy6a3L6agEVUg","Sleep Forever","spotify:artist:7eLmjBYVvApof3usPlIIem, spotify:artist:3lwJ6CKvOHHhOuQDp4mwT2, spotify:artist:1f8UNsnIHYgguJ6n7FDS9K","Kris Sobanski, Kaiser Sensei, It Lives\, It Breathes","2020-02-21","https://i.scdn.co/image/ab67616d0000b27368993d860d4639df3a0a0bd5","1","1","208900","https://p.scdn.co/mp3-preview/acba477d85f4a4c5cb9d3612a5dc78300096e927?cid=9950ac751e34487dbbe027c4fd7f8e99","false","34","uscgh2071196","","2022-02-02T19:22:32Z"
"spotify:track:2MvLw9BE5ndkvZLXJcb1oC","Last Theater","spotify:artist:4FDoIX0wLRiVnx5F5wXWl4","NoisyCell","spotify:album:4QNzoCBWkG62Im2z7vbxBo","Sources","spotify:artist:4FDoIX0wLRiVnx5F5wXWl4","NoisyCell","2015-07-01","https://i.scdn.co/image/ab67616d0000b273bea7756936e5ff83aab7c44b","1","6","367773","https://p.scdn.co/mp3-preview/087e1cb64de8c75911640d15f5fae76b1c7f3b61?cid=9950ac751e34487dbbe027c4fd7f8e99","false","39","JPVP01501901","","2022-01-30T03:01:27Z"
"spotify:track:6zoNHckACUOGj2bERXgmnw","MONSTER","spotify:artist:7rpKUJ0AnklJ8q9nIPVSpZ","Reol","spotify:album:1dFNEpa096XsgJ2r6pPdyJ","極彩色","spotify:artist:7rpKUJ0AnklJ8q9nIPVSpZ","Reol","2015-07-29","https://i.scdn.co/image/ab67616d0000b2734e284a106820b99e32349bbd","1","15","201933","https://p.scdn.co/mp3-preview/bec0446be0a86a8b6eaf46ab18349dcac9dfa12c?cid=9950ac751e34487dbbe027c4fd7f8e99","false","52","JPVI01522810","","2021-12-10T19:55:36Z"
"spotify:track:5YXXthKfGj3nY7oFihFGPY","Dreamer","spotify:artist:1EHmi4WPosxVGxBKaw32Ku","Brave the Royals","spotify:album:42FSW8FbAwfA2zJuSSwqnc","Abstraction","spotify:artist:1EHmi4WPosxVGxBKaw32Ku","Brave the Royals","2019-11-08","https://i.scdn.co/image/ab67616d0000b273f61170ecbbe7d2bb817143ff","1","2","217470","https://p.scdn.co/mp3-preview/dc3d39f8d49f91237433c611af261fcd79522e78?cid=9950ac751e34487dbbe027c4fd7f8e99","false","41","TCADZ1849972","","2021-11-07T20:02:57Z"
"spotify:track:74WgPmxkNoI9CdEHtX2XC7","Find Me","spotify:artist:3xNCp8cktZ1IGwRregR2yO","Aviators","spotify:album:7K6D79t5RR2I21W9gr4MLS","Aeterno: Rewind","spotify:artist:3xNCp8cktZ1IGwRregR2yO","Aviators","2019-08-30","https://i.scdn.co/image/ab67616d0000b27366f0bf20dd62fd8217a25978","1","2","319090","https://p.scdn.co/mp3-preview/638efa27d2756c22e56e387e8b7f1914b04577ff?cid=9950ac751e34487dbbe027c4fd7f8e99","false","30","TCAEK1934841","","2021-10-19T18:32:48Z"
"spotify:track:1HeIlJEvkLe3MPDoyxKtCm","Free Fall","spotify:artist:78xZnzJv3EXchCuz2QUejw","Jacob Hensley","spotify:album:68vfVa74sk9cwJJwzBBSDD","Free Fall","spotify:artist:78xZnzJv3EXchCuz2QUejw","Jacob Hensley","2017-03-31","https://i.scdn.co/image/ab67616d0000b273b5ee8b3a9ee883ce60a809d5","1","1","258008","https://p.scdn.co/mp3-preview/b34f9c1baa93a08d57fb1729f9c358b2d4a1d103?cid=9950ac751e34487dbbe027c4fd7f8e99","true","24","uscgj1763412","","2021-10-08T16:40:00Z"
"spotify:track:4HAsvpnppM4YIOAHpjANBM","Kingdom of Cards","spotify:artist:3Ri4H12KFyu98LMjSoij5V","Bad Omens","spotify:album:6lhfQyYPcupBJC2oICae7J","Finding God Before God Finds Me","spotify:artist:3Ri4H12KFyu98LMjSoij5V","Bad Omens","2019-08-02","https://i.scdn.co/image/ab67616d0000b2734e55060ba26f549d4bcd4c72","1","1","261600","","false","18","USYFZ1917801","","2021-10-08T16:37:03Z"
"spotify:track:0CYGfkshuWIKLkBBN4dkYF","All Of Me (feat. Travis Barker)","spotify:artist:2q3GG88dVwuQPF4FmySr9I, spotify:artist:4exLIFE8sISLr28sqG1qNX","The Score, Travis Barker","spotify:album:4JnL4N9xWOWrQIF7rCdEXH","Carry On","spotify:artist:2q3GG88dVwuQPF4FmySr9I","The Score","2020-08-28","https://i.scdn.co/image/ab67616d0000b27326f401c31ac9944252d66fab","1","2","163476","","false","45","USUM72014229","","2021-09-22T11:58:53Z"
"spotify:track:1e6aAbWR0MXCNcr4yQovNr","Grateful","spotify:artist:3z97WMRi731dCvKklIf2X6","NEFFEX","spotify:album:3w6f31MONsj6yE1cF1darm","Grateful","spotify:artist:3z97WMRi731dCvKklIf2X6","NEFFEX","2018-02-28","https://i.scdn.co/image/ab67616d0000b27391b467ab179bd199b2fbc3d9","1","1","182400","https://p.scdn.co/mp3-preview/5bcb80cb4a46303804b010a08d688531ad1c2507?cid=9950ac751e34487dbbe027c4fd7f8e99","false","66","TCADN1802626","","2021-09-22T11:54:35Z"
"spotify:track:4nNyr4bZuryw7po5q01HYX","if only for a moment","spotify:artist:6rTFfPwNNFIpBOdBShd47e","Hahlweg","spotify:album:65WTY28e9AyaiidPwHBG0I","Calm & Calamity","spotify:artist:6rTFfPwNNFIpBOdBShd47e","Hahlweg","2020-08-14","https://i.scdn.co/image/ab67616d0000b2733d439eaf3a571d5087091333","1","1","115201","https://p.scdn.co/mp3-preview/2828b247d9f56eb0a522b0ee5b9a18af75cda17d?cid=9950ac751e34487dbbe027c4fd7f8e99","false","32","USA2P2028141","","2021-09-21T03:49:04Z"
"spotify:track:5qIswLybSuwnkcKHYsclPN","Tomorrow We Fight","spotify:artist:73jlPRxT7z5xk29sMqFDjU, spotify:artist:3wRt3iJpZDOg73CTUkfv5C","Tommee Profitt, SVRCINA","spotify:album:3m4jEsg6lxhjaYXJSkvfaG","Cinematic Songs (Vol. 2)","spotify:artist:73jlPRxT7z5xk29sMqFDjU","Tommee Profitt","2017-04-14","https://i.scdn.co/image/ab67616d0000b2730af5d1e09363a4f3f5680197","1","2","200160","","false","48","TCACZ1768784","","2021-09-18T14:52:40Z"
"spotify:track:3ognTnYewF0sPmFAjpL1Bk","One by One","spotify:artist:6Y4SgUdlzTgSbmKba01ncJ","The New Shining","spotify:album:1IZArbyvUEHzdNqwSlS5bT","Elephant","spotify:artist:6Y4SgUdlzTgSbmKba01ncJ","The New Shining","2019-10-25","https://i.scdn.co/image/ab67616d0000b273bf29689feea388b2d2f5100e","1","6","186183","https://p.scdn.co/mp3-preview/4d1cb57f11d4459d2a35a0023c1e80bd899bb280?cid=9950ac751e34487dbbe027c4fd7f8e99","false","29","NLKA11900006","","2021-09-16T20:05:23Z"
"spotify:track:04aAxqtGp5pv12UXAg4pkq","Centuries","spotify:artist:4UXqAaa6dQYAk18Lv7PEgX","Fall Out Boy","spotify:album:022DrG7Wp2PSCwzuD0bSzT","American Beauty/American Psycho","spotify:artist:4UXqAaa6dQYAk18Lv7PEgX","Fall Out Boy","2015-01-20","https://i.scdn.co/image/ab67616d0000b2733cf1c1dbcfa3f1ab7282719b","1","3","228360","","false","77","USUM71412644","","2021-09-04T20:53:31Z"
"spotify:track:3ARisFMP9INfJXaRgYlJSJ","Phoenix (Acoustic)","spotify:artist:66UYe21to5428Q4DovXER4, spotify:artist:2OgKPh1xCLvA9C8CXfFABo","TJ Brown, Lunity","spotify:album:2BKlffI3VJGyvbF3Ku4GOM","Phoenix (Acoustic)","spotify:artist:66UYe21to5428Q4DovXER4, spotify:artist:2OgKPh1xCLvA9C8CXfFABo","TJ Brown, Lunity","2019-10-25","https://i.scdn.co/image/ab67616d0000b2739e653341bc74273f0273a0f9","1","1","206249","https://p.scdn.co/mp3-preview/79d5938d25ed4214eee4dfa2092f976ed5bcba5f?cid=9950ac751e34487dbbe027c4fd7f8e99","false","32","TCAEM1947017","","2021-08-04T13:44:25Z"
"spotify:track:4attjPgOtka3c2wqZrTDPI","Reiwa","spotify:artist:3NTbOmzlj2cL86XFuDVFvZ, spotify:artist:45ft4DyTCEJfQwTBHXpdhM","MAN WITH A MISSION, milet","spotify:album:2wt7kPGFwI0DX8o8IBSPCR","Dark Crow","spotify:artist:3NTbOmzlj2cL86XFuDVFvZ","MAN WITH A MISSION","2019-10-23","https://i.scdn.co/image/ab67616d0000b273b4004989a466cb9e5feca9ba","1","3","285800","","false","0","JPU901902401","","2021-07-19T20:09:39Z"
"spotify:track:2Kc7QbvatOTZG3Uu0Nsptc","ツキアカリ","spotify:artist:4dP04Y2d6esI6cwOiAozgg","Rie fu","spotify:album:5Ml44rruvf3z6S89VUQnHc","Tobira Album","spotify:artist:4dP04Y2d6esI6cwOiAozgg","Rie fu","2007-11-21","https://i.scdn.co/image/ab67616d0000b273fff12e0046e1a6b32ce60f39","1","3","268306","","false","0","JPX800700101","","2021-06-29T14:26:09Z"
